studentid,studentname
1,John Doe
2,Jane Smith
3,Michael Johnson
4,Emily Davis
5,David Brown
6,Jessica Miller
7,Daniel Wilson
8,Matthew Moore
9,Ashley Taylor
10,Andrew Anderson
11,Amy Thomas
12,Joseph Jackson
13,Patricia White
14,Christopher Harris
15,Linda Martin
16,Barbara Thompson
17,James Garcia
18,Elizabeth Martinez
19,Robert Robinson
20,Susan Clark
21,Mark Rodriguez
22,Steven Lewis
23,Mary Lee
24,Jennifer Walker
25,Richard Hall
26,Michael Allen
27,Thomas Young
28,Charles Hernandez
29,Daniel King
30,Paul Wright
31,Jason Lopez
32,George Hill
33,Nancy Scott
34,Donna Green
35,Kimberly Adams
36,Lisa Baker
37,Sandra Gonzalez
38,Timothy Nelson
39,Karen Carter
40,Betty Mitchell
41,Carol Perez
42,Michelle Roberts
43,Emily Turner
44,Amy Phillips
45,Amanda Campbell
46,Matthew Parker
47,Rebecca Evans
48,Steven Edwards
49,Jessica Collins
50,Joshua Stewart
51,Ashley Sanchez
52,Jacob Morris
53,Megan Rogers
54,Emily Reed
55,Joshua Cook
56,Andrew Morgan
57,Tyler Bell
58,Elizabeth Murphy
59,Brian Bailey
60,Emma Rivera
61,James Cooper
62,John Richardson
63,William Cox
64,Amy Howard
65,Jonathan Ward
66,Ashley Torres
67,David Peterson
68,Michael Gray
69,Matthew Ramirez
70,Daniel James
71,Charles Watson
72,Christopher Brooks
73,Brandon Kelly
74,Jessica Sanders
75,Patricia Price
76,Michelle Bennett
77,Ashley Wood
78,Thomas Barnes
79,Jason Ross
80,Laura Henderson
81,Timothy Coleman
82,Karen Jenkins
83,Rebecca Perry
84,Amanda Powell
85,Steven Long
86,Stephanie Patterson
87,James Hughes
88,Robert Flores
89,Christopher Washington
90,Jessica Butler
91,Michael Simmons
92,Jennifer Foster
93,Linda Gonzales
94,Elizabeth Bryant
95,Andrew Alexander
96,David Russell
97,John Griffin
98,Christopher Diaz
99,Matthew Hayes
100,Daniel Myers

